COCO_val2014_000000000143	1
COCO_val2014_000000000589	2
COCO_val2014_000000000836	3
COCO_val2014_000000001757	4
COCO_val2014_000000002290	5
COCO_val2014_000000002495	6
COCO_val2014_000000002587	7
COCO_val2014_000000002822	8
COCO_val2014_000000003716	9
COCO_val2014_000000004359	10
COCO_val2014_000000005328	11
COCO_val2014_000000005599	12
COCO_val2014_000000005617	13
COCO_val2014_000000006527	14
COCO_val2014_000000006712	15
COCO_val2014_000000007673	16
COCO_val2014_000000007913	17
COCO_val2014_000000009381	18
COCO_val2014_000000009759	19
COCO_val2014_000000011334	20
COCO_val2014_000000011796	21
COCO_val2014_000000012231	22
COCO_val2014_000000012326	23
COCO_val2014_000000014056	24
COCO_val2014_000000014549	25
COCO_val2014_000000015067	26
COCO_val2014_000000015968	27
COCO_val2014_000000016064	28
COCO_val2014_000000016228	29
COCO_val2014_000000018111	30
COCO_val2014_000000019624	31
COCO_val2014_000000020107	32
COCO_val2014_000000020175	33
COCO_val2014_000000020553	34
COCO_val2014_000000021036	35
COCO_val2014_000000021046	36
COCO_val2014_000000021164	37
COCO_val2014_000000022085	38
COCO_val2014_000000022341	39
COCO_val2014_000000022667	40
COCO_val2014_000000022861	41
COCO_val2014_000000024027	42
COCO_val2014_000000024744	43
COCO_val2014_000000025286	44
COCO_val2014_000000026697	45
COCO_val2014_000000026992	46
COCO_val2014_000000027569	47
COCO_val2014_000000028649	48
COCO_val2014_000000028872	49
COCO_val2014_000000028994	50
COCO_val2014_000000030448	51
COCO_val2014_000000030657	52
COCO_val2014_000000030967	53
COCO_val2014_000000031606	54
COCO_val2014_000000031667	55
COCO_val2014_000000032193	56
COCO_val2014_000000033815	57
COCO_val2014_000000034121	58
COCO_val2014_000000034428	59
COCO_val2014_000000034520	60
COCO_val2014_000000034892	61
COCO_val2014_000000035012	62
COCO_val2014_000000036252	63
COCO_val2014_000000038031	64
COCO_val2014_000000040517	65
COCO_val2014_000000040620	66
COCO_val2014_000000040686	67
COCO_val2014_000000040896	68
COCO_val2014_000000041077	69
COCO_val2014_000000041300	70
COCO_val2014_000000042492	71
COCO_val2014_000000042622	72
COCO_val2014_000000042711	73
COCO_val2014_000000042779	74
COCO_val2014_000000042837	75
COCO_val2014_000000042888	76
COCO_val2014_000000043202	77
COCO_val2014_000000043581	78
COCO_val2014_000000044220	79
COCO_val2014_000000045057	80
COCO_val2014_000000045136	81
COCO_val2014_000000045467	82
COCO_val2014_000000046805	83
COCO_val2014_000000046889	84
COCO_val2014_000000047566	85
COCO_val2014_000000047624	86
COCO_val2014_000000047648	87
COCO_val2014_000000047686	88
COCO_val2014_000000048308	89
COCO_val2014_000000048609	90
COCO_val2014_000000049946	91
COCO_val2014_000000050331	92
COCO_val2014_000000050627	93
COCO_val2014_000000052020	94
COCO_val2014_000000052947	95
COCO_val2014_000000053529	96
COCO_val2014_000000053626	97
COCO_val2014_000000054355	98
COCO_val2014_000000054592	99
COCO_val2014_000000054955	100
COCO_val2014_000000057357	101
COCO_val2014_000000057359	102
COCO_val2014_000000057403	103
COCO_val2014_000000058927	104
COCO_val2014_000000059328	105
COCO_val2014_000000059455	106
COCO_val2014_000000060213	107
COCO_val2014_000000060641	108
COCO_val2014_000000060988	109
COCO_val2014_000000061207	110
COCO_val2014_000000062200	111
COCO_val2014_000000063290	112
COCO_val2014_000000063478	113
COCO_val2014_000000063715	114
COCO_val2014_000000064510	115
COCO_val2014_000000065244	116
COCO_val2014_000000065333	117
COCO_val2014_000000067948	118
COCO_val2014_000000068411	119
COCO_val2014_000000069224	120
COCO_val2014_000000070201	121
COCO_val2014_000000070229	122
COCO_val2014_000000070675	123
COCO_val2014_000000071752	124
COCO_val2014_000000074001	125
COCO_val2014_000000074059	126
COCO_val2014_000000074135	127
COCO_val2014_000000075234	128
COCO_val2014_000000076087	129
COCO_val2014_000000077282	130
COCO_val2014_000000078522	131
COCO_val2014_000000079084	132
COCO_val2014_000000080274	133
COCO_val2014_000000080834	134
COCO_val2014_000000081056	135
COCO_val2014_000000081738	136
COCO_val2014_000000084073	137
COCO_val2014_000000084097	138
COCO_val2014_000000084244	139
COCO_val2014_000000084530	140
COCO_val2014_000000084767	141
COCO_val2014_000000086036	142
COCO_val2014_000000086630	143
COCO_val2014_000000087387	144
COCO_val2014_000000087483	145
COCO_val2014_000000087956	146
COCO_val2014_000000088433	147
COCO_val2014_000000088507	148
COCO_val2014_000000089078	149
COCO_val2014_000000089765	150
COCO_val2014_000000090778	151
COCO_val2014_000000090935	152
COCO_val2014_000000091045	153
COCO_val2014_000000091833	154
COCO_val2014_000000091849	155
COCO_val2014_000000092416	156
COCO_val2014_000000092451	157
COCO_val2014_000000092656	158
COCO_val2014_000000093735	159
COCO_val2014_000000093959	160
COCO_val2014_000000094379	161
COCO_val2014_000000094774	162
COCO_val2014_000000095161	163
COCO_val2014_000000095283	164
COCO_val2014_000000095474	165
COCO_val2014_000000096241	166
COCO_val2014_000000096825	167
COCO_val2014_000000097667	168
COCO_val2014_000000097922	169
COCO_val2014_000000098322	170
COCO_val2014_000000099269	171
COCO_val2014_000000099736	172
COCO_val2014_000000100489	173
COCO_val2014_000000101265	174
COCO_val2014_000000102174	175
COCO_val2014_000000102367	176
COCO_val2014_000000102665	177
COCO_val2014_000000102672	178
COCO_val2014_000000103460	179
COCO_val2014_000000104112	180
COCO_val2014_000000104619	181
COCO_val2014_000000105689	182
COCO_val2014_000000106206	183
COCO_val2014_000000106244	184
COCO_val2014_000000106392	185
COCO_val2014_000000106810	186
COCO_val2014_000000107084	187
COCO_val2014_000000108094	188
COCO_val2014_000000108208	189
COCO_val2014_000000109425	190
COCO_val2014_000000110762	191
COCO_val2014_000000111548	192
COCO_val2014_000000111801	193
COCO_val2014_000000111819	194
COCO_val2014_000000112232	195
COCO_val2014_000000112517	196
COCO_val2014_000000112702	197
COCO_val2014_000000113052	198
COCO_val2014_000000113097	199
COCO_val2014_000000114055	200
COCO_val2014_000000114239	201
COCO_val2014_000000114726	202
COCO_val2014_000000116095	203
COCO_val2014_000000116149	204
COCO_val2014_000000116289	205
COCO_val2014_000000117645	206
COCO_val2014_000000119785	207
COCO_val2014_000000120234	208
COCO_val2014_000000120472	209
COCO_val2014_000000120527	210
COCO_val2014_000000120853	211
COCO_val2014_000000122861	212
COCO_val2014_000000122934	213
COCO_val2014_000000125051	214
COCO_val2014_000000125059	215
COCO_val2014_000000125997	216
COCO_val2014_000000126563	217
COCO_val2014_000000127135	218
COCO_val2014_000000127659	219
COCO_val2014_000000127751	220
COCO_val2014_000000128372	221
COCO_val2014_000000129062	222
COCO_val2014_000000129362	223
COCO_val2014_000000129903	224
COCO_val2014_000000130613	225
COCO_val2014_000000130966	226
COCO_val2014_000000131504	227
COCO_val2014_000000131597	228
COCO_val2014_000000131919	229
COCO_val2014_000000133778	230
COCO_val2014_000000133923	231
COCO_val2014_000000134322	232
COCO_val2014_000000134689	233
COCO_val2014_000000135785	234
COCO_val2014_000000136328	235
COCO_val2014_000000136600	236
COCO_val2014_000000136841	237
COCO_val2014_000000137130	238
COCO_val2014_000000137577	239
COCO_val2014_000000137612	240
COCO_val2014_000000138589	241
COCO_val2014_000000138834	242
COCO_val2014_000000138838	243
COCO_val2014_000000139785	244
COCO_val2014_000000140987	245
COCO_val2014_000000141576	246
COCO_val2014_000000141910	247
COCO_val2014_000000142129	248
COCO_val2014_000000142879	249
COCO_val2014_000000145009	250
COCO_val2014_000000145369	251
COCO_val2014_000000145391	252
COCO_val2014_000000145426	253
COCO_val2014_000000145693	254
COCO_val2014_000000147338	255
COCO_val2014_000000148724	256
COCO_val2014_000000149783	257
COCO_val2014_000000149974	258
COCO_val2014_000000150284	259
COCO_val2014_000000151130	260
COCO_val2014_000000152120	261
COCO_val2014_000000154785	262
COCO_val2014_000000155051	263
COCO_val2014_000000155449	264
COCO_val2014_000000155451	265
COCO_val2014_000000156704	266
COCO_val2014_000000156747	267
COCO_val2014_000000158250	268
COCO_val2014_000000158354	269
COCO_val2014_000000159044	270
COCO_val2014_000000159223	271
COCO_val2014_000000159740	272
COCO_val2014_000000160195	273
COCO_val2014_000000161008	274
COCO_val2014_000000161470	275
COCO_val2014_000000161557	276
COCO_val2014_000000162393	277
COCO_val2014_000000163012	278
COCO_val2014_000000163112	279
COCO_val2014_000000163309	280
COCO_val2014_000000163640	281
COCO_val2014_000000164594	282
COCO_val2014_000000165172	283
COCO_val2014_000000165713	284
COCO_val2014_000000165884	285
COCO_val2014_000000167084	286
COCO_val2014_000000168355	287
COCO_val2014_000000169198	288
COCO_val2014_000000169757	289
COCO_val2014_000000170211	290
COCO_val2014_000000170321	291
COCO_val2014_000000170613	292
COCO_val2014_000000170638	293
COCO_val2014_000000170739	294
COCO_val2014_000000171192	295
COCO_val2014_000000171443	296
COCO_val2014_000000171464	297
COCO_val2014_000000172057	298
COCO_val2014_000000172330	299
COCO_val2014_000000173004	300
COCO_val2014_000000173685	301
COCO_val2014_000000173908	302
COCO_val2014_000000174042	303
COCO_val2014_000000174198	304
COCO_val2014_000000176278	305
COCO_val2014_000000177173	306
COCO_val2014_000000177419	307
COCO_val2014_000000177842	308
COCO_val2014_000000177927	309
COCO_val2014_000000177934	310
COCO_val2014_000000178616	311
COCO_val2014_000000179094	312
COCO_val2014_000000180653	313
COCO_val2014_000000181278	314
COCO_val2014_000000181714	315
COCO_val2014_000000181860	316
COCO_val2014_000000182362	317
COCO_val2014_000000182483	318
COCO_val2014_000000183249	319
COCO_val2014_000000184402	320
COCO_val2014_000000184446	321
COCO_val2014_000000184789	322
COCO_val2014_000000185397	323
COCO_val2014_000000186042	324
COCO_val2014_000000186977	325
COCO_val2014_000000186991	326
COCO_val2014_000000187235	327
COCO_val2014_000000188077	328
COCO_val2014_000000188109	329
COCO_val2014_000000188417	330
COCO_val2014_000000188865	331
COCO_val2014_000000189078	332
COCO_val2014_000000189806	333
COCO_val2014_000000190907	334
COCO_val2014_000000191390	335
COCO_val2014_000000191546	336
COCO_val2014_000000191577	337
COCO_val2014_000000191846	338
COCO_val2014_000000192095	339
COCO_val2014_000000192838	340
COCO_val2014_000000192894	341
COCO_val2014_000000194012	342
COCO_val2014_000000194506	343
COCO_val2014_000000195002	344
COCO_val2014_000000195645	345
COCO_val2014_000000195750	346
COCO_val2014_000000196007	347
COCO_val2014_000000196355	348
COCO_val2014_000000196758	349
COCO_val2014_000000197658	350
COCO_val2014_000000197796	351
COCO_val2014_000000198641	352
COCO_val2014_000000198841	353
COCO_val2014_000000199252	354
COCO_val2014_000000201348	355
COCO_val2014_000000201727	356
COCO_val2014_000000203110	357
COCO_val2014_000000203201	358
COCO_val2014_000000205332	359
COCO_val2014_000000206783	360
COCO_val2014_000000206831	361
COCO_val2014_000000207844	362
COCO_val2014_000000207967	363
COCO_val2014_000000208107	364
COCO_val2014_000000208236	365
COCO_val2014_000000208793	366
COCO_val2014_000000208955	367
COCO_val2014_000000209048	368
COCO_val2014_000000209062	369
COCO_val2014_000000209239	370
COCO_val2014_000000209468	371
COCO_val2014_000000209539	372
COCO_val2014_000000209664	373
COCO_val2014_000000209824	374
COCO_val2014_000000211326	375
COCO_val2014_000000212226	376
COCO_val2014_000000212675	377
COCO_val2014_000000213132	378
COCO_val2014_000000213280	379
COCO_val2014_000000213675	380
COCO_val2014_000000214127	381
COCO_val2014_000000216254	382
COCO_val2014_000000216581	383
COCO_val2014_000000216972	384
COCO_val2014_000000217440	385
COCO_val2014_000000217783	386
COCO_val2014_000000218362	387
COCO_val2014_000000218430	388
COCO_val2014_000000218470	389
COCO_val2014_000000218988	390
COCO_val2014_000000219440	391
COCO_val2014_000000219589	392
COCO_val2014_000000219928	393
COCO_val2014_000000220025	394
COCO_val2014_000000221521	395
COCO_val2014_000000222313	396
COCO_val2014_000000222430	397
COCO_val2014_000000222635	398
COCO_val2014_000000222711	399
COCO_val2014_000000222724	400
COCO_val2014_000000223468	401
COCO_val2014_000000224740	402
COCO_val2014_000000224907	403
COCO_val2014_000000225757	404
COCO_val2014_000000226380	405
COCO_val2014_000000226988	406
COCO_val2014_000000228309	407
COCO_val2014_000000228415	408
COCO_val2014_000000229383	409
COCO_val2014_000000230247	410
COCO_val2014_000000230976	411
COCO_val2014_000000232949	412
COCO_val2014_000000233112	413
COCO_val2014_000000233528	414
COCO_val2014_000000233825	415
COCO_val2014_000000233848	416
COCO_val2014_000000234349	417
COCO_val2014_000000234526	418
COCO_val2014_000000235564	419
COCO_val2014_000000235839	420
COCO_val2014_000000237487	421
COCO_val2014_000000237860	422
COCO_val2014_000000238147	423
COCO_val2014_000000238866	424
COCO_val2014_000000239041	425
COCO_val2014_000000239943	426
COCO_val2014_000000240028	427
COCO_val2014_000000240393	428
COCO_val2014_000000240950	429
COCO_val2014_000000246233	430
COCO_val2014_000000247519	431
COCO_val2014_000000247999	432
COCO_val2014_000000249180	433
COCO_val2014_000000249534	434
COCO_val2014_000000250344	435
COCO_val2014_000000250629	436
COCO_val2014_000000251798	437
COCO_val2014_000000252216	438
COCO_val2014_000000252617	439
COCO_val2014_000000254119	440
COCO_val2014_000000255071	441
COCO_val2014_000000255747	442
COCO_val2014_000000256095	443
COCO_val2014_000000256097	444
COCO_val2014_000000256260	445
COCO_val2014_000000256590	446
COCO_val2014_000000257084	447
COCO_val2014_000000258036	448
COCO_val2014_000000258136	449
COCO_val2014_000000258311	450
COCO_val2014_000000258998	451
COCO_val2014_000000259382	452
COCO_val2014_000000259567	453
COCO_val2014_000000259824	454
COCO_val2014_000000259854	455
COCO_val2014_000000261175	456
COCO_val2014_000000261426	457
COCO_val2014_000000262119	458
COCO_val2014_000000262404	459
COCO_val2014_000000263288	460
COCO_val2014_000000263425	461
COCO_val2014_000000263463	462
COCO_val2014_000000264032	463
COCO_val2014_000000265378	464
COCO_val2014_000000265550	465
COCO_val2014_000000265579	466
COCO_val2014_000000265822	467
COCO_val2014_000000267112	468
COCO_val2014_000000267812	469
COCO_val2014_000000267837	470
COCO_val2014_000000268755	471
COCO_val2014_000000268987	472
COCO_val2014_000000268992	473
COCO_val2014_000000269314	474
COCO_val2014_000000269346	475
COCO_val2014_000000269873	476
COCO_val2014_000000270136	477
COCO_val2014_000000270316	478
COCO_val2014_000000270381	479
COCO_val2014_000000271138	480
COCO_val2014_000000271828	481
COCO_val2014_000000273688	482
COCO_val2014_000000273772	483
COCO_val2014_000000275929	484
COCO_val2014_000000276488	485
COCO_val2014_000000276720	486
COCO_val2014_000000276921	487
COCO_val2014_000000277674	488
COCO_val2014_000000277932	489
COCO_val2014_000000279521	490
COCO_val2014_000000280226	491
COCO_val2014_000000280242	492
COCO_val2014_000000280766	493
COCO_val2014_000000281447	494
COCO_val2014_000000281649	495
COCO_val2014_000000281809	496
COCO_val2014_000000281882	497
COCO_val2014_000000282658	498
COCO_val2014_000000282878	499
COCO_val2014_000000284152	500
COCO_val2014_000000285583	501
COCO_val2014_000000286342	502
COCO_val2014_000000286708	503
COCO_val2014_000000286813	504
COCO_val2014_000000288762	505
COCO_val2014_000000288799	506
COCO_val2014_000000290070	507
COCO_val2014_000000290282	508
COCO_val2014_000000290521	509
COCO_val2014_000000291538	510
COCO_val2014_000000291588	511
COCO_val2014_000000291833	512
COCO_val2014_000000292485	513
COCO_val2014_000000292647	514
COCO_val2014_000000293390	515
COCO_val2014_000000293733	516
COCO_val2014_000000293789	517
COCO_val2014_000000294011	518
COCO_val2014_000000294162	519
COCO_val2014_000000294451	520
COCO_val2014_000000294883	521
COCO_val2014_000000295105	522
COCO_val2014_000000295628	523
COCO_val2014_000000295765	524
COCO_val2014_000000296105	525
COCO_val2014_000000296859	526
COCO_val2014_000000299045	527
COCO_val2014_000000299448	528
COCO_val2014_000000299785	529
COCO_val2014_000000299986	530
COCO_val2014_000000300124	531
COCO_val2014_000000300214	532
COCO_val2014_000000300880	533
COCO_val2014_000000301014	534
COCO_val2014_000000301201	535
COCO_val2014_000000304220	536
COCO_val2014_000000304812	537
COCO_val2014_000000304984	538
COCO_val2014_000000305050	539
COCO_val2014_000000305799	540
COCO_val2014_000000305876	541
COCO_val2014_000000306073	542
COCO_val2014_000000306415	543
COCO_val2014_000000306467	544
COCO_val2014_000000307034	545
COCO_val2014_000000307547	546
COCO_val2014_000000309573	547
COCO_val2014_000000310082	548
COCO_val2014_000000310391	549
COCO_val2014_000000311567	550
COCO_val2014_000000312081	551
COCO_val2014_000000312416	552
COCO_val2014_000000312591	553
COCO_val2014_000000312878	554
COCO_val2014_000000313162	555
COCO_val2014_000000315962	556
COCO_val2014_000000316031	557
COCO_val2014_000000316423	558
COCO_val2014_000000318426	559
COCO_val2014_000000318523	560
COCO_val2014_000000318571	561
COCO_val2014_000000320823	562
COCO_val2014_000000321437	563
COCO_val2014_000000321496	564
COCO_val2014_000000321861	565
COCO_val2014_000000322211	566
COCO_val2014_000000322357	567
COCO_val2014_000000322887	568
COCO_val2014_000000324614	569
COCO_val2014_000000326592	570
COCO_val2014_000000327413	571
COCO_val2014_000000327623	572
COCO_val2014_000000328018	573
COCO_val2014_000000328091	574
COCO_val2014_000000328374	575
COCO_val2014_000000328536	576
COCO_val2014_000000328814	577
COCO_val2014_000000329379	578
COCO_val2014_000000330741	579
COCO_val2014_000000330897	580
COCO_val2014_000000330931	581
COCO_val2014_000000330954	582
COCO_val2014_000000331367	583
COCO_val2014_000000331817	584
COCO_val2014_000000332532	585
COCO_val2014_000000333058	586
COCO_val2014_000000334826	587
COCO_val2014_000000334941	588
COCO_val2014_000000335539	589
COCO_val2014_000000335670	590
COCO_val2014_000000335774	591
COCO_val2014_000000336431	592
COCO_val2014_000000337133	593
COCO_val2014_000000337667	594
COCO_val2014_000000337826	595
COCO_val2014_000000338105	596
COCO_val2014_000000339426	597
COCO_val2014_000000339740	598
COCO_val2014_000000340559	599
COCO_val2014_000000340573	600
COCO_val2014_000000340899	601
COCO_val2014_000000341676	602
COCO_val2014_000000342817	603
COCO_val2014_000000343325	604
COCO_val2014_000000343410	605
COCO_val2014_000000344094	606
COCO_val2014_000000344229	607
COCO_val2014_000000345125	608
COCO_val2014_000000346262	609
COCO_val2014_000000347150	610
COCO_val2014_000000347171	611
COCO_val2014_000000347228	612
COCO_val2014_000000348838	613
COCO_val2014_000000349321	614
COCO_val2014_000000350668	615
COCO_val2014_000000351463	616
COCO_val2014_000000353817	617
COCO_val2014_000000355826	618
COCO_val2014_000000356505	619
COCO_val2014_000000357386	620
COCO_val2014_000000357586	621
COCO_val2014_000000357748	622
COCO_val2014_000000358342	623
COCO_val2014_000000359136	624
COCO_val2014_000000359356	625
COCO_val2014_000000359945	626
COCO_val2014_000000360600	627
COCO_val2014_000000360792	628
COCO_val2014_000000361103	629
COCO_val2014_000000362123	630
COCO_val2014_000000363163	631
COCO_val2014_000000363344	632
COCO_val2014_000000363991	633
COCO_val2014_000000365068	634
COCO_val2014_000000365103	635
COCO_val2014_000000366031	636
COCO_val2014_000000370279	637
COCO_val2014_000000370413	638
COCO_val2014_000000371365	639
COCO_val2014_000000372043	640
COCO_val2014_000000372384	641
COCO_val2014_000000373089	642
COCO_val2014_000000373119	643
COCO_val2014_000000373140	644
COCO_val2014_000000373193	645
COCO_val2014_000000373381	646
COCO_val2014_000000373789	647
COCO_val2014_000000373857	648
COCO_val2014_000000373997	649
COCO_val2014_000000374249	650
COCO_val2014_000000374448	651
COCO_val2014_000000375363	652
COCO_val2014_000000376233	653
COCO_val2014_000000376493	654
COCO_val2014_000000376767	655
COCO_val2014_000000378712	656
COCO_val2014_000000379476	657
COCO_val2014_000000379836	658
COCO_val2014_000000380932	659
COCO_val2014_000000381213	660
COCO_val2014_000000381639	661
COCO_val2014_000000382207	662
COCO_val2014_000000382848	663
COCO_val2014_000000383112	664
COCO_val2014_000000383549	665
COCO_val2014_000000384416	666
COCO_val2014_000000386677	667
COCO_val2014_000000386968	668
COCO_val2014_000000388531	669
COCO_val2014_000000388902	670
COCO_val2014_000000389308	671
COCO_val2014_000000389445	672
COCO_val2014_000000391688	673
COCO_val2014_000000391834	674
COCO_val2014_000000392659	675
COCO_val2014_000000393288	676
COCO_val2014_000000393469	677
COCO_val2014_000000394474	678
COCO_val2014_000000395644	679
COCO_val2014_000000396387	680
COCO_val2014_000000396432	681
COCO_val2014_000000396820	682
COCO_val2014_000000398756	683
COCO_val2014_000000398758	684
COCO_val2014_000000399129	685
COCO_val2014_000000399516	686
COCO_val2014_000000399628	687
COCO_val2014_000000400265	688
COCO_val2014_000000400472	689
COCO_val2014_000000400489	690
COCO_val2014_000000400916	691
COCO_val2014_000000400945	692
COCO_val2014_000000401197	693
COCO_val2014_000000402798	694
COCO_val2014_000000403107	695
COCO_val2014_000000403349	696
COCO_val2014_000000404145	697
COCO_val2014_000000404504	698
COCO_val2014_000000404847	699
COCO_val2014_000000405188	700
COCO_val2014_000000405223	701
COCO_val2014_000000405998	702
COCO_val2014_000000407042	703
COCO_val2014_000000407521	704
COCO_val2014_000000407646	705
COCO_val2014_000000408621	706
COCO_val2014_000000409098	707
COCO_val2014_000000409667	708
COCO_val2014_000000410428	709
COCO_val2014_000000410712	710
COCO_val2014_000000410880	711
COCO_val2014_000000411564	712
COCO_val2014_000000412963	713
COCO_val2014_000000413001	714
COCO_val2014_000000413377	715
COCO_val2014_000000413811	716
COCO_val2014_000000414236	717
COCO_val2014_000000414680	718
COCO_val2014_000000415461	719
COCO_val2014_000000416078	720
COCO_val2014_000000417596	721
COCO_val2014_000000417804	722
COCO_val2014_000000419363	723
COCO_val2014_000000420963	724
COCO_val2014_000000421028	725
COCO_val2014_000000421811	726
COCO_val2014_000000421834	727
COCO_val2014_000000422536	728
COCO_val2014_000000422916	729
COCO_val2014_000000424422	730
COCO_val2014_000000424668	731
COCO_val2014_000000424683	732
COCO_val2014_000000424960	733
COCO_val2014_000000426241	734
COCO_val2014_000000426247	735
COCO_val2014_000000426687	736
COCO_val2014_000000427041	737
COCO_val2014_000000427256	738
COCO_val2014_000000428105	739
COCO_val2014_000000429109	740
COCO_val2014_000000430420	741
COCO_val2014_000000432732	742
COCO_val2014_000000433151	743
COCO_val2014_000000433705	744
COCO_val2014_000000433892	745
COCO_val2014_000000434459	746
COCO_val2014_000000434689	747
COCO_val2014_000000434723	748
COCO_val2014_000000437028	749
COCO_val2014_000000437240	750
COCO_val2014_000000437290	751
COCO_val2014_000000437893	752
COCO_val2014_000000437931	753
COCO_val2014_000000440123	754
COCO_val2014_000000440443	755
COCO_val2014_000000441921	756
COCO_val2014_000000442726	757
COCO_val2014_000000446917	758
COCO_val2014_000000447279	759
COCO_val2014_000000448308	760
COCO_val2014_000000448871	761
COCO_val2014_000000448923	762
COCO_val2014_000000449466	763
COCO_val2014_000000451473	764
COCO_val2014_000000452122	765
COCO_val2014_000000452201	766
COCO_val2014_000000452218	767
COCO_val2014_000000454067	768
COCO_val2014_000000454495	769
COCO_val2014_000000455299	770
COCO_val2014_000000455735	771
COCO_val2014_000000456465	772
COCO_val2014_000000456521	773
COCO_val2014_000000457834	774
COCO_val2014_000000457893	775
COCO_val2014_000000458119	776
COCO_val2014_000000458790	777
COCO_val2014_000000459034	778
COCO_val2014_000000459428	779
COCO_val2014_000000460049	780
COCO_val2014_000000460373	781
COCO_val2014_000000460652	782
COCO_val2014_000000461692	783
COCO_val2014_000000462327	784
COCO_val2014_000000462802	785
COCO_val2014_000000463134	786
COCO_val2014_000000463174	787
COCO_val2014_000000463226	788
COCO_val2014_000000463272	789
COCO_val2014_000000463459	790
COCO_val2014_000000463678	791
COCO_val2014_000000463716	792
COCO_val2014_000000464196	793
COCO_val2014_000000464312	794
COCO_val2014_000000465069	795
COCO_val2014_000000465295	796
COCO_val2014_000000465868	797
COCO_val2014_000000467249	798
COCO_val2014_000000467821	799
COCO_val2014_000000468778	800
COCO_val2014_000000468917	801
COCO_val2014_000000468993	802
COCO_val2014_000000469961	803
COCO_val2014_000000470005	804
COCO_val2014_000000471251	805
COCO_val2014_000000471528	806
COCO_val2014_000000471816	807
COCO_val2014_000000472088	808
COCO_val2014_000000472101	809
COCO_val2014_000000473196	810
COCO_val2014_000000475064	811
COCO_val2014_000000475893	812
COCO_val2014_000000476841	813
COCO_val2014_000000476925	814
COCO_val2014_000000477042	815
COCO_val2014_000000477143	816
COCO_val2014_000000477305	817
COCO_val2014_000000478586	818
COCO_val2014_000000478689	819
COCO_val2014_000000478874	820
COCO_val2014_000000479832	821
COCO_val2014_000000481386	822
COCO_val2014_000000482476	823
COCO_val2014_000000482562	824
COCO_val2014_000000484414	825
COCO_val2014_000000484584	826
COCO_val2014_000000485897	827
COCO_val2014_000000486964	828
COCO_val2014_000000487583	829
COCO_val2014_000000488386	830
COCO_val2014_000000488463	831
COCO_val2014_000000489091	832
COCO_val2014_000000489743	833
COCO_val2014_000000489924	834
COCO_val2014_000000492102	835
COCO_val2014_000000492323	836
COCO_val2014_000000492349	837
COCO_val2014_000000493846	838
COCO_val2014_000000495377	839
COCO_val2014_000000497297	840
COCO_val2014_000000497514	841
COCO_val2014_000000499588	842
COCO_val2014_000000500871	843
COCO_val2014_000000501260	844
COCO_val2014_000000501538	845
COCO_val2014_000000503233	846
COCO_val2014_000000503939	847
COCO_val2014_000000504733	848
COCO_val2014_000000505471	849
COCO_val2014_000000505492	850
COCO_val2014_000000506196	851
COCO_val2014_000000507143	852
COCO_val2014_000000510449	853
COCO_val2014_000000511554	854
COCO_val2014_000000512118	855
COCO_val2014_000000512667	856
COCO_val2014_000000512836	857
COCO_val2014_000000513574	858
COCO_val2014_000000514468	859
COCO_val2014_000000515025	860
COCO_val2014_000000515214	861
COCO_val2014_000000515660	862
COCO_val2014_000000516396	863
COCO_val2014_000000516846	864
COCO_val2014_000000518177	865
COCO_val2014_000000518262	866
COCO_val2014_000000518716	867
COCO_val2014_000000518729	868
COCO_val2014_000000518770	869
COCO_val2014_000000518937	870
COCO_val2014_000000519275	871
COCO_val2014_000000519703	872
COCO_val2014_000000521540	873
COCO_val2014_000000521817	874
COCO_val2014_000000521863	875
COCO_val2014_000000522137	876
COCO_val2014_000000524621	877
COCO_val2014_000000525927	878
COCO_val2014_000000526401	879
COCO_val2014_000000527427	880
COCO_val2014_000000527510	881
COCO_val2014_000000528062	882
COCO_val2014_000000528729	883
COCO_val2014_000000529494	884
COCO_val2014_000000529522	885
COCO_val2014_000000529806	886
COCO_val2014_000000529981	887
COCO_val2014_000000530466	888
COCO_val2014_000000530583	889
COCO_val2014_000000530836	890
COCO_val2014_000000530913	891
COCO_val2014_000000530934	892
COCO_val2014_000000531092	893
COCO_val2014_000000532285	894
COCO_val2014_000000532693	895
COCO_val2014_000000532695	896
COCO_val2014_000000533239	897
COCO_val2014_000000533900	898
COCO_val2014_000000535080	899
COCO_val2014_000000535326	900
COCO_val2014_000000536006	901
COCO_val2014_000000536166	902
COCO_val2014_000000536274	903
COCO_val2014_000000536444	904
COCO_val2014_000000536602	905
COCO_val2014_000000536653	906
COCO_val2014_000000536720	907
COCO_val2014_000000537027	908
COCO_val2014_000000537907	909
COCO_val2014_000000538198	910
COCO_val2014_000000539089	911
COCO_val2014_000000540106	912
COCO_val2014_000000540196	913
COCO_val2014_000000540280	914
COCO_val2014_000000541627	915
COCO_val2014_000000541991	916
COCO_val2014_000000542594	917
COCO_val2014_000000542699	918
COCO_val2014_000000543706	919
COCO_val2014_000000543961	920
COCO_val2014_000000545000	921
COCO_val2014_000000545788	922
COCO_val2014_000000547041	923
COCO_val2014_000000547137	924
COCO_val2014_000000547212	925
COCO_val2014_000000547630	926
COCO_val2014_000000548894	927
COCO_val2014_000000550084	928
COCO_val2014_000000550452	929
COCO_val2014_000000550952	930
COCO_val2014_000000552977	931
COCO_val2014_000000553442	932
COCO_val2014_000000553522	933
COCO_val2014_000000553698	934
COCO_val2014_000000553788	935
COCO_val2014_000000553962	936
COCO_val2014_000000554241	937
COCO_val2014_000000554892	938
COCO_val2014_000000555299	939
COCO_val2014_000000555847	940
COCO_val2014_000000556005	941
COCO_val2014_000000556205	942
COCO_val2014_000000556246	943
COCO_val2014_000000556648	944
COCO_val2014_000000557107	945
COCO_val2014_000000557321	946
COCO_val2014_000000558229	947
COCO_val2014_000000558671	948
COCO_val2014_000000558854	949
COCO_val2014_000000559195	950
COCO_val2014_000000559821	951
COCO_val2014_000000560227	952
COCO_val2014_000000560235	953
COCO_val2014_000000560677	954
COCO_val2014_000000561517	955
COCO_val2014_000000563653	956
COCO_val2014_000000563723	957
COCO_val2014_000000564088	958
COCO_val2014_000000565389	959
COCO_val2014_000000565877	960
COCO_val2014_000000566518	961
COCO_val2014_000000566543	962
COCO_val2014_000000566729	963
COCO_val2014_000000567208	964
COCO_val2014_000000567683	965
COCO_val2014_000000567877	966
COCO_val2014_000000568265	967
COCO_val2014_000000568584	968
COCO_val2014_000000568893	969
COCO_val2014_000000569251	970
COCO_val2014_000000569333	971
COCO_val2014_000000569565	972
COCO_val2014_000000569850	973
COCO_val2014_000000570138	974
COCO_val2014_000000571029	975
COCO_val2014_000000572081	976
COCO_val2014_000000572260	977
COCO_val2014_000000572462	978
COCO_val2014_000000573181	979
COCO_val2014_000000574332	980
COCO_val2014_000000575110	981
COCO_val2014_000000575403	982
COCO_val2014_000000575882	983
COCO_val2014_000000575896	984
COCO_val2014_000000576031	985
COCO_val2014_000000576449	986
COCO_val2014_000000576652	987
COCO_val2014_000000576939	988
COCO_val2014_000000577149	989
COCO_val2014_000000577355	990
COCO_val2014_000000577521	991
COCO_val2014_000000577796	992
COCO_val2014_000000578362	993
COCO_val2014_000000578977	994
COCO_val2014_000000579003	995
COCO_val2014_000000579457	996
COCO_val2014_000000580693	997
COCO_val2014_000000581328	998
COCO_val2014_000000581437	999
COCO_val2014_000000581736	1000
